timestamp,spring,angle,x0,impact_time,final_vx,final_vy,impact_x,impact_y
2025-04-02 22:58:32.769977,62951323.50606465,54.1163272633481,-4593.951885547051,29.466049378926552,83.53929522155434,-71.07690023346737,-1.9112874939911322,8858.0
2025-04-02 22:58:44.461990,69066850.79186365,51.495185182730346,-4793.02797386451,27.839725320706677,90.99041708470276,-60.92347567822367,-4.529177478911225,8858.0
2025-04-02 22:58:54.048908,69066850.79186365,51.495185182730346,-4793.02797386451,27.839725320706677,90.99041708470276,-60.92347567822367,-4.529177478911225,8858.0
2025-04-02 22:59:01.908776,69066850.79186365,51.495185182730346,-4793.02797386451,27.839725320706677,90.99041708470276,-60.92347567822367,-4.529177478911225,8858.0
2025-04-02 22:59:05.290782,69066850.79186365,51.495185182730346,-4793.02797386451,27.839725320706677,90.99041708470276,-60.92347567822367,-4.529177478911225,8858.0
2025-04-02 22:59:10.842036,69066850.79186365,51.495185182730346,-4793.02797386451,27.839725320706677,90.99041708470276,-60.92347567822367,-4.529177478911225,8858.0
2025-04-02 22:59:14.507029,62901275.768885456,54.138812720581505,-4592.244112090909,29.477964241311767,83.48079893085588,-71.14829997755993,-2.1606439484798394,8858.0
2025-04-02 22:59:14.846396,69066850.79186365,51.495185182730346,-4793.02797386451,27.839725320706677,90.99041708470276,-60.92347567822367,-4.529177478911225,8858.0
2025-04-02 22:59:16.593789,69066850.79186365,51.495185182730346,-4793.02797386451,27.839725320706677,90.99041708470276,-60.92347567822367,-4.529177478911225,8858.0
2025-04-02 22:59:18.251217,69019171.62872775,51.56031672580295,-4791.545159103065,27.92579244163599,90.7147946152295,-61.51398102012631,-1.7166085432292413,8858.0
2025-04-02 22:59:18.260900,69066850.79186365,51.495185182730346,-4793.02797386451,27.839725320706677,90.99041708470276,-60.92347567822367,-4.529177478911225,8858.0
2025-04-02 22:59:19.038230,69066850.79186365,51.495185182730346,-4793.02797386451,27.839725320706677,90.99041708470276,-60.92347567822367,-4.529177478911225,8858.0
2025-04-02 22:59:19.125504,69038441.05153875,51.53398854839068,-4792.144558537919,27.891098936554137,90.82589768611534,-61.27619268073343,-2.8401163163755045,8858.0
2025-04-02 22:59:19.134908,69066850.79186365,51.495185182730346,-4793.02797386451,27.839725320706677,90.99041708470276,-60.92347567822367,-4.529177478911225,8858.0
2025-04-02 22:59:19.227017,69066850.79186365,51.495185182730346,-4793.02797386451,27.839725320706677,90.99041708470276,-60.92347567822367,-4.529177478911225,8858.0
2025-04-02 22:59:19.621208,69066850.79186365,51.495185182730346,-4793.3029203355045,27.839725320706684,90.99041708470274,-60.923475678223724,-4.804123949904688,8858.0
2025-04-02 22:59:19.672782,69066850.79186365,51.495185182730346,-4793.02797386451,27.839725320706677,90.99041708470276,-60.92347567822367,-4.529177478911225,8858.0
2025-04-02 22:59:19.810160,69066850.79186365,51.495185182730346,-4793.02797386451,27.839725320706677,90.99041708470276,-60.92347567822367,-4.529177478911225,8858.0
2025-04-02 22:59:19.819478,69066850.79186365,51.495185182730346,-4793.02797386451,27.839725320706677,90.99041708470276,-60.92347567822367,-4.529177478911225,8858.0
2025-04-02 22:59:19.973728,69066850.79186365,51.51831395248424,-4793.02797386451,27.876343649633046,90.88127301607783,-61.177697994099766,-3.2317504311851137,8858.0
2025-04-02 22:59:20.031572,69066850.79186365,51.495185182730346,-4793.02797386451,27.839725320706677,90.99041708470276,-60.92347567822367,-4.529177478911225,8858.0
2025-04-02 22:59:20.387993,69066850.79186365,51.52643358868127,-4793.02797386451,27.88916629009968,90.8430597501974,-61.26663207114386,-2.7806685492280154,8858.0
2025-04-02 22:59:20.448235,69066850.79186365,51.495185182730346,-4793.02797386451,27.839725320706677,90.99041708470276,-60.92347567822367,-4.529177478911225,8858.0
2025-04-02 22:59:20.577690,69066850.79186365,51.52550035435258,-4793.02797386451,27.887693372383094,90.84744910134306,-61.256418636156866,-2.832398248926593,8858.0
2025-04-02 22:59:20.662570,69066850.79186365,51.495185182730346,-4793.02797386451,27.839725320706677,90.99041708470276,-60.92347567822367,-4.529177478911225,8858.0
2025-04-02 22:59:20.879390,69066850.79186365,51.495185182730346,-4793.02797386451,27.839725320706677,90.99041708470276,-60.92347567822367,-4.529177478911225,8858.0
2025-04-02 22:59:20.891102,69066850.79186365,51.52255836509209,-4793.02797386451,27.88304859114055,90.86129098215004,-61.22420712494311,-2.9956707603193378,8858.0
2025-04-02 22:59:20.902516,69066850.79186365,51.495185182730346,-4793.02797386451,27.839725320706677,90.99041708470276,-60.92347567822367,-4.529177478911225,8858.0
2025-04-02 22:59:20.913982,69066850.79186365,51.495185182730346,-4793.02797386451,27.839725320706677,90.99041708470276,-60.92347567822367,-4.529177478911225,8858.0
2025-04-02 22:59:20.940435,69066850.79186365,51.46696933341016,-4793.02797386451,27.80734733098675,91.0935558554737,-60.7135643922709,-4.999999999999978,8857.242748263548
2025-04-02 22:59:20.985945,69066850.79186365,51.53398854839068,-4792.144558537919,27.90108204725765,90.80755176772936,-61.34923588965694,-1.4795802867866261,8858.0
2025-04-02 22:59:21.088029,69066850.79186365,51.44225262977588,-4793.02797386451,27.783562648390717,91.17274496845677,-60.56703031712564,-4.999999999999986,8856.29714585178
2025-04-02 22:59:21.150570,69066850.79186365,51.46962581213762,-4793.02797386451,27.809906170780515,91.08504170197264,-60.729331687411495,-4.999999999999956,8857.344033340858
2025-04-02 22:59:21.388050,69005134.46923158,51.52656803785221,-4791.108410380908,27.867650978802054,90.8823880264867,-61.109026353187026,-3.814006966476401,8858.0
2025-04-02 22:59:21.445057,69066850.79186365,51.51077595338119,-4793.02797386451,27.864424385286764,90.91679674716126,-61.09498904050108,-3.652559347311468,8858.0
2025-04-02 22:59:21.455051,69066850.79186365,51.48287900083007,-4790.5430215539545,27.8201851096277,91.04866830065451,-60.787667277285394,-2.7421591835690835,8858.0
2025-04-02 22:59:21.479329,69066850.79186365,51.44225262977588,-4793.02797386451,27.783562648390717,91.17274496845677,-60.56703031712564,-4.999999999999986,8856.29714585178
2025-04-02 22:59:21.522568,69019171.62872775,51.53028079285626,-4791.545159103065,27.878464898223545,90.85580519560365,-61.18596307348022,-3.370222762053926,8858.0
2025-04-02 22:59:21.533546,69066850.79186365,51.46696933341016,-4793.02797386451,27.80734733098675,91.0935558554737,-60.7135643922709,-4.999999999999978,8857.242748263548
2025-04-02 22:59:21.633818,69066850.79186365,51.495185182730346,-4793.02797386451,27.839725320706677,90.99041708470276,-60.92347567822367,-4.529177478911225,8858.0
2025-04-02 22:59:21.728662,69066850.79186365,51.390886093192655,-4789.811102925631,27.69906569986747,91.42368259910748,-59.97518769308121,-4.99999999999988,8856.429891478048
2025-04-02 22:59:21.757137,69066850.79186365,51.52255836509209,-4793.02797386451,27.88304859114055,90.86129098215004,-61.22420712494311,-2.9956707603193378,8858.0
2025-04-02 22:59:21.768076,69066850.79186365,51.51012489066366,-4793.4887555693085,27.863394222777117,90.919867125329,-61.08783881128723,-4.149779015652112,8858.0
2025-04-02 22:59:21.796879,69066850.79186365,51.4514006575032,-4789.811102925631,27.770021455356975,91.19824282995285,-60.43853851676512,-3.8198226513320503,8858.0
2025-04-02 22:59:21.807662,69066850.79186365,51.495185182730346,-4793.4887555693085,27.83972532070669,90.99041708470271,-60.92347567822379,-4.98995918370807,8858.0
2025-04-02 22:59:21.821382,69066850.79186365,51.51012489066366,-4793.4887555693085,27.863394222777117,90.919867125329,-61.08783881128723,-4.149779015652112,8858.0
2025-04-02 22:59:21.861055,69066850.79186365,51.42314355543393,-4789.811102925631,27.729960380449295,91.32046828647613,-60.16551414939945,-4.99999999999993,8857.687600284367
2025-04-02 22:59:22.059995,69066850.79186365,51.390886093192655,-4793.02797386451,27.734268768623817,91.33714869377806,-60.26348098864389,-4.999999999999841,8854.313504912829
2025-04-02 22:59:22.278324,69066850.79186365,51.390886093192655,-4789.811102925631,27.69906569986747,91.42368259910748,-59.97518769308121,-4.99999999999988,8856.429891478048
2025-04-02 22:59:22.302851,69066850.79186365,51.33204779167485,-4787.996367791463,27.6230942878634,91.66049700849707,-59.46685774427809,-4.999999999999909,8855.290077439222
2025-04-02 22:59:22.347257,69066850.79186365,51.34599123899933,-4787.996367791463,27.636373694676227,91.61596242182141,-59.54861758097936,-4.999999999999901,8855.844752624464
2025-04-02 22:59:22.375275,69039949.47193246,51.410684598622495,-4787.159866701993,27.695122912008646,91.4108214388564,-59.91228642766819,-4.870786998426915,8858.0
2025-04-02 22:59:22.404824,69066850.79186365,51.35674797945739,-4789.811102925631,27.666448058292442,91.5328183846791,-59.77433237881091,-4.999999999999959,8855.088268324973
2025-04-02 22:59:22.436300,69066850.79186365,51.33204779167485,-4787.996367791463,27.6230942878634,91.66049700849707,-59.46685774427809,-4.999999999999909,8855.290077439222
2025-04-02 22:59:22.447303,69066850.79186365,51.27320949015705,-4786.181632657296,27.547451957087024,91.89699338052444,-58.96053840794786,-4.999999999999865,8854.096015000447
2025-04-02 22:59:22.593334,69066850.79186365,51.27320949015705,-4786.181632657296,27.547451957087024,91.89699338052444,-58.96053840794786,-4.999999999999865,8854.096015000447
2025-04-02 22:59:22.674538,69066850.79186365,51.495185182730346,-4789.248279201606,27.839725320706687,90.99041708470273,-60.92347567822375,-0.7494828160061078,8858.0
2025-04-02 22:59:22.827324,69066850.79186365,51.35674797945739,-4789.487476829817,27.662912597057424,91.54151885859346,-59.74534143501507,-5.0,8855.29954697461
2025-04-02 22:59:22.864003,69066850.79186365,51.17113172519643,-4785.987037056384,27.44900853134313,92.22726568097782,-58.35081011562871,-4.999999999999907,8850.03380974751
2025-04-02 22:59:22.945085,69066850.79186365,51.390886093192655,-4789.581953674336,27.696559330230336,91.42984333449941,-59.95464930347133,-4.999999999999812,8856.580185775001
2025-04-02 22:59:23.081402,69066850.79186365,51.39744607505656,-4791.798761047035,27.727095241572073,91.34924193577962,-60.19200814938633,-4.99999999999965,8855.37906151879
2025-04-02 22:59:23.093489,69066850.79186365,51.307112736098645,-4793.02797386451,27.654266749236587,91.60479152427592,-59.77125570015251,-5.0,8851.025388301598
2025-04-02 22:59:23.137992,69066850.79186365,51.4514006575032,-4789.811102925631,27.770021455356975,91.19824282995285,-60.43853851676512,-3.8198226513320503,8858.0
2025-04-02 22:59:23.147397,69066850.79186365,51.390886093192655,-4789.811102925631,27.69906569986747,91.42368259910748,-59.97518769308121,-4.99999999999988,8856.429891478048
2025-04-02 22:59:23.157860,69066850.79186365,51.194757060549335,-4787.722802245656,27.49008054732833,92.10548508104576,-58.64256128789503,-4.999999999999784,8849.907812094774
2025-04-02 22:59:23.186481,69066850.79186365,51.18942530154028,-4789.681198546585,27.506321312448,92.06981377666547,-58.78667694730017,-4.999999999999863,8848.440232047249
2025-04-02 22:59:23.198192,69066850.79186365,51.194757060549335,-4789.811102925631,27.512760382519737,92.04935678329694,-58.829170428373956,-4.99999999999999,8848.575691866701
2025-04-02 22:59:23.208854,69066850.79186365,51.26615853378794,-4787.875810843491,27.55921073323579,91.873963767649,-59.07103227963865,-4.999999999999917,8852.722325636529
2025-04-02 22:59:23.295896,69066850.79186365,51.29090578121352,-4789.681198546585,27.60234868980103,91.74652424370083,-59.376962652976886,-4.999999999999528,8852.554257762806
2025-04-02 22:59:23.358749,69066850.79186365,51.30975696798654,-4791.798761047035,27.643367098681683,91.62942747002758,-59.67672321842892,-4.999999999999998,8851.93161981087
2025-04-02 22:59:23.414666,69066850.79186365,51.38593258980502,-4791.569972333693,27.71356814311272,91.39222206553852,-60.10363059494677,-4.9999999999995834,8855.080996838575
2025-04-02 22:59:23.425316,69066850.79186365,51.27320949015705,-4786.936091074713,27.55566268974257,91.87672992453643,-59.02804839942653,-4.999999999999857,8853.611628457342
2025-04-02 22:59:23.451277,69066850.79186365,51.29090578121352,-4789.681198546585,27.60234868980103,91.74652424370083,-59.376962652976886,-4.999999999999528,8852.554257762806
2025-04-02 22:59:23.555195,69066850.79186365,51.480725563509246,-4789.811102925631,27.81676173162887,91.05887442945621,-60.76386330097513,-2.1329174944867795,8858.0
2025-04-02 22:59:23.566208,69066850.79186365,51.28810357122784,-4789.811102925631,27.601103435110133,91.751970329741,-59.37221858837146,-4.999999999999698,8852.357865373724
2025-04-02 22:59:23.676640,69066850.79186365,51.44225262977588,-4792.98516204167,27.783093083128385,91.17389725415285,-60.56319090178387,-4.999999999999844,8856.325585129889
2025-04-02 22:59:23.767827,69066850.79186365,51.495185182730346,-4793.02797386451,27.839725320706677,90.99041708470276,-60.92347567822367,-4.529177478911225,8858.0
2025-04-02 22:59:23.777879,69066850.79186365,51.2393587468872,-4785.66537874177,27.50981711733921,92.01874191349143,-58.71736026818682,-4.999999999999903,8853.048081409528
2025-04-02 22:59:23.788488,69066850.79186365,51.46962581213762,-4793.02797386451,27.809906170780515,91.08504170197264,-60.729331687411495,-4.999999999999956,8857.344033340858
2025-04-02 22:59:23.799678,69066850.79186365,51.28316942153748,-4791.798761047035,27.618084883368518,91.71425244157427,-59.52124612844397,-4.999999999999955,8850.872273499253
2025-04-02 22:59:23.810749,69066850.79186365,51.390886093192655,-4789.184348082643,27.69221083352844,91.44053199605835,-59.919011663291386,-4.999999999999891,8856.840820967842
2025-04-02 22:59:23.820291,69066850.79186365,51.495185182730346,-4793.02797386451,27.839725320706677,90.99041708470276,-60.92347567822367,-4.529177478911225,8858.0
2025-04-02 22:59:23.853678,69066850.79186365,51.4254026299579,-4793.304864540011,27.77040769963539,91.21924722951421,-60.49213514841274,-4.99999999999992,8855.465610894687
2025-04-02 22:59:23.943478,69066850.79186365,51.17113172519643,-4785.987037056384,27.44900853134313,92.22726568097782,-58.35081011562871,-4.999999999999907,8850.03380974751
2025-04-02 22:59:23.954661,69066850.79186365,51.29622423832323,-4790.806019032584,27.619665084579143,91.69931232633898,-59.508704702494,-4.999999999999903,8852.03805861089
2025-04-02 22:59:24.061302,69066850.79186365,51.19257689461995,-4789.681198546585,27.509293032834236,92.05978640434445,-58.80493188674947,-4.9999999999999725,8848.569401722812
2025-04-02 22:59:24.120007,69066850.79186365,51.28516190391791,-4788.007838288486,27.57866389542562,91.80982072366851,-59.193672871370296,-4.999999999999913,8853.404421775364
2025-04-02 22:59:24.129627,69066850.79186365,51.28340158791542,-4788.089442721557,27.577882796756587,91.81324228962377,-59.190701626454846,-4.9999999999999725,8853.280906929242
2025-04-02 22:59:24.140750,69066850.79186365,51.17447271862899,-4786.181632657296,27.454260371647052,92.21141429585225,-58.38750056231167,-4.999999999999846,8850.049138648235
2025-04-02 22:59:24.181655,69066850.79186365,51.2393587468872,-4785.66537874177,27.50981711733921,92.01874191349143,-58.71736026818682,-4.999999999999903,8853.048081409528
2025-04-02 22:59:24.226356,69066850.79186365,51.27035002475629,-4789.184348082643,27.577429680155007,91.82543455833925,-59.21253178954751,-4.999999999999735,8852.04902954586
2025-04-02 22:59:24.275805,69066850.79186365,51.24461209014506,-4788.3892711425615,27.54439951637612,91.9288347373442,-58.99151393321114,-4.999999999999784,8851.519128671049
2025-04-02 22:59:24.300330,69066850.79186365,51.29090578121352,-4789.681198546585,27.60234868980103,91.74652424370083,-59.376962652976886,-4.999999999999528,8852.554257762806
2025-04-02 22:59:24.346357,69066850.79186365,51.22624281627226,-4785.912577697848,27.500117684504232,92.05388047600826,-58.663294964223965,-4.99999999999994,8852.353482754232
2025-04-02 22:59:24.375396,69066850.79186365,51.22624281627226,-4785.912577697848,27.500117684504232,92.05388047600826,-58.663294964223965,-4.99999999999994,8852.353482754232
2025-04-02 22:59:24.439955,69066850.79186365,51.18605051547364,-4788.608847239205,27.49149590890758,92.10937598477554,-58.67132535320987,-4.999999999999896,8848.985540847802
2025-04-02 22:59:24.460955,69066850.79186365,51.2984689117451,-4788.608847239205,27.59784407398898,91.75122049266672,-59.32518219642898,-4.9999999999999,8853.551146144137
2025-04-02 22:59:24.489666,69066850.79186365,51.35674797945739,-4789.91126330922,27.66754233096361,91.53012545868293,-59.7833047886649,-4.999999999999893,8855.022853978704
2025-04-02 22:59:24.534632,69066850.79186365,51.197666616218235,-4786.727551629377,27.48201786139128,92.12296369830301,-58.57046678056014,-4.999999999999897,8850.66074803915
2025-04-02 22:59:24.742285,69066850.79186365,51.164790951084086,-4784.383159305652,27.425665650551082,92.29049134799749,-58.170904984843936,-4.999999999999482,8850.783045560034
2025-04-02 22:59:24.930211,69066850.79186365,51.165597640954026,-4787.032126381046,27.455137651441397,92.2167927759831,-58.41220381629105,-4.9999999999998845,8849.142783992571
2025-04-02 22:59:24.975479,69066850.79186365,51.17447271862899,-4791.018416007815,27.506750567327597,92.08141821687603,-58.81957808042304,-4.999999999999947,8846.973023823693
2025-04-02 22:59:25.002651,69066850.79186365,51.17381940311773,-4786.060273563333,27.4523299004107,92.21675136249767,-58.37288242357941,-4.999999999999891,8850.09889802811
2025-04-02 22:59:25.080631,69066850.79186365,51.2384735881829,-4785.648725363217,27.508799967561455,92.02200890269121,-58.71072765733859,-4.999999999999877,8853.02250792788
2025-04-02 22:59:25.121040,69066850.79186365,51.164790951084086,-4784.383159305652,27.425665650551082,92.29049134799749,-58.170904984843936,-4.999999999999482,8850.783045560034
2025-04-02 22:59:25.176373,69066850.79186365,51.21285964564151,-4788.127995805329,27.51155458538326,92.03698112324187,-58.78370190901566,-4.9999999999998845,8850.391980130282
2025-04-02 22:59:25.224117,69066850.79186365,51.17144348915111,-4782.562255711008,27.412185599892894,92.31820078342119,-58.04660875630577,-4.999999999999845,8852.206881901513
2025-04-02 22:59:25.427482,69066850.79186365,51.17447271862899,-4786.181632657296,27.454260371647052,92.21141429585225,-58.38750056231167,-4.999999999999846,8850.049138648235
2025-04-02 22:59:25.456840,69066850.79186365,51.17381940311773,-4786.060273563333,27.4523299004107,92.21675136249767,-58.37288242357941,-4.999999999999891,8850.09889802811
2025-04-02 22:59:25.515002,69066850.79186365,51.27035002475629,-4789.184348082643,27.577429680155007,91.82543455833925,-59.21253178954751,-4.999999999999735,8852.04902954586
2025-04-02 22:59:25.559002,69066850.79186365,51.18986336953166,-4791.298245436972,27.524302021804896,92.02493488258055,-58.93368656612439,-4.999999999999808,8847.424132295508
2025-04-02 22:59:25.656615,69066850.79186365,51.18761832277225,-4782.9453760663255,27.431534185754007,92.25647115256876,-58.1742864392439,-4.999999999999921,8852.639722039505
2025-04-02 22:59:25.682924,69066850.79186365,51.164790951084086,-4784.383159305652,27.425665650551082,92.29049134799749,-58.170904984843936,-4.999999999999482,8850.783045560034
2025-04-02 22:59:25.763617,69066850.79186365,51.18605051547364,-4786.444140497053,27.468001844713704,92.16753633432356,-58.47790123190029,-4.999999999999877,8850.361697118748
2025-04-02 22:59:25.843913,69066850.79186365,51.185351248718945,-4786.3980785498115,27.466843838995544,92.17099808167409,-58.46973989620255,-4.999999999999959,8850.362033171004
2025-04-02 22:59:25.907401,69066850.79186365,51.2393587468872,-4788.2696829633815,27.538129769827936,91.94878502073466,-58.950267312625144,-4.9999999999998614,8851.382339108957
2025-04-02 22:59:25.951116,69066850.79186365,51.27035002475629,-4789.184348082643,27.577429680155007,91.82543455833925,-59.21253178954751,-4.999999999999735,8852.04902954586
2025-04-02 22:59:25.998248,69066850.79186365,51.396012392951796,-4789.428676834847,27.69978709729371,91.41756727488001,-59.97111989524792,-4.999999999999912,8856.881378070351
2025-04-02 22:59:26.099404,69066850.79186365,51.17144348915111,-4782.562255711008,27.412185599892894,92.31820078342119,-58.04660875630577,-4.999999999999845,8852.206881901513
2025-04-02 22:59:26.139416,69066850.79186365,51.18770166209168,-4785.474789390672,27.459039902695903,92.18831504498068,-58.40082920989071,-4.999999999999585,8851.04450622689
2025-04-02 22:59:26.211259,69066850.79186365,51.194757060549335,-4789.811102925631,27.512760382519737,92.04935678329694,-58.829170428373956,-4.99999999999999,8848.575691866701
2025-04-02 22:59:26.237194,69066850.79186365,51.44225262977588,-4792.98516204167,27.783093083128385,91.17389725415285,-60.56319090178387,-4.999999999999844,8856.325585129889
2025-04-02 22:59:26.247353,69066850.79186365,51.18770166209168,-4783.8532157395675,27.441454257839585,92.23184499278848,-58.255908245175036,-4.999999999999902,8852.070248618453
2025-04-02 22:59:26.380902,69066850.79186365,51.23690238803702,-4784.69003762573,27.496899848039728,92.05275225145938,-58.61585658168887,-4.999999999999966,8853.569223694501
2025-04-02 22:59:26.575233,69066850.79186365,51.16495499987133,-4789.811102925631,27.484680237659262,92.1441502950353,-58.6567077230047,-4.999999999999774,8847.35158141274
2025-04-02 22:59:26.728676,69066850.79186365,51.185351248718945,-4786.3980785498115,27.466843838995544,92.17099808167409,-58.46973989620255,-4.999999999999959,8850.362033171004
2025-04-02 22:59:26.755517,69066850.79186365,51.40554100113314,-4790.960439887342,27.72567268589637,91.34589486243951,-60.164623130263266,-4.999999999999755,8856.246260071715
2025-04-02 22:59:26.767513,69066850.79186365,51.188383311487364,-4790.596298866114,27.515279111155465,92.04852288760641,-58.86240049726876,-4.9999999999994875,8847.812809825034
2025-04-02 22:59:26.778514,69066850.79186365,51.16083824027556,-4785.66537874177,27.435847891569704,92.26863414084241,-58.26263617237306,-4.9999999999999245,8849.809567052884
2025-04-02 22:59:26.853091,69066850.79186365,51.23690238803702,-4784.69003762573,27.496899848039728,92.05275225145938,-58.61585658168887,-4.999999999999966,8853.569223694501
2025-04-02 22:59:26.981569,69066850.79186365,51.17144348915111,-4782.562255711008,27.412185599892894,92.31820078342119,-58.04660875630577,-4.999999999999845,8852.206881901513
2025-04-02 22:59:27.114601,69066850.79186365,51.2384906585067,-4789.811102925631,27.554076037158378,91.91011840380608,-59.08305299321338,-4.999999999999896,8850.357531137324
2025-04-02 22:59:27.234816,69066850.79186365,51.19616322717278,-4784.440419105256,27.455783947304038,92.189160783512,-58.357341635424376,-4.999999999999814,8852.049648199796
2025-04-02 22:59:27.261918,69066850.79186365,51.26615853378794,-4786.6408405328075,27.54577115384919,91.90714017303095,-58.96054225279491,-4.999999999999897,8853.515473288884
2025-04-02 22:59:27.293339,69066850.79186365,51.20796202046056,-4786.63214858143,27.490686527979005,92.09275901862493,-58.621590349911266,-4.999999999999465,8851.14493313191
2025-04-02 22:59:27.309874,69066850.79186365,51.17447271862899,-4786.181632657296,27.454260371647052,92.21141429585225,-58.38750056231167,-4.999999999999846,8850.049138648235
2025-04-02 22:59:27.561059,69066850.79186365,51.16239494128067,-4784.383159305652,27.423415573195943,92.29810966706802,-58.15707715194553,-4.9999999999997815,8850.683181927758
2025-04-02 22:59:27.585604,69066850.79186365,51.16495499987133,-4789.811102925631,27.484680237659262,92.1441502950353,-58.6567077230047,-4.999999999999774,8847.35158141274
2025-04-02 22:59:27.641263,69066850.79186365,51.19616322717278,-4786.865935825079,27.48210346134243,92.1240306280198,-58.5741281700411,-4.999999999999916,8850.510857653398
2025-04-02 22:59:27.650737,69066850.79186365,51.194757060549335,-4789.811102925631,27.512760382519737,92.04935678329694,-58.829170428373956,-4.99999999999999,8848.575691866701
2025-04-02 22:59:27.703744,69066850.79186365,51.20796202046056,-4786.63214858143,27.490686527979005,92.09275901862493,-58.621590349911266,-4.999999999999465,8851.14493313191
2025-04-02 22:59:27.713307,69066850.79186365,51.18925279551413,-4782.590109573918,27.429220090304522,92.2608022741301,-58.15198154677747,-5.0,8852.931679141377
2025-04-02 22:59:27.761607,69066850.79186365,51.16083824027556,-4782.724660383079,27.403990249062165,92.3475667590243,-57.999927507830286,-4.9999999999998535,8851.661493832282
2025-04-02 22:59:27.787564,69066850.79186365,51.21032644712062,-4791.798761047035,27.549065400262464,91.94634911102591,-59.09708293754444,-4.999999999999389,8847.936773168467
2025-04-02 22:59:27.863549,69066850.79186365,51.22011548579611,-4792.318164618869,27.563970941630956,91.90121008145019,-59.20035381648675,-4.999999999999546,8847.999643176368
2025-04-02 22:59:27.897501,69066850.79186365,51.165166457833955,-4781.539959622094,27.395223578559452,92.3655838953645,-57.91904032818139,-4.999999999999965,8852.58620629708
2025-04-02 22:59:27.956206,69066850.79186365,51.16239494128067,-4784.383159305652,27.423415573195943,92.29810966706802,-58.15707715194553,-4.9999999999997815,8850.683181927758
2025-04-02 22:59:27.965854,69066850.79186365,51.17065996019734,-4784.552912433213,27.433018584352155,92.26727166477617,-58.219955211204415,-4.999999999999437,8850.92034855026
2025-04-02 22:59:27.998391,69066850.79186365,51.194757060549335,-4787.722802245656,27.49008054732833,92.10548508104576,-58.64256128789503,-4.999999999999784,8849.907812094774
2025-04-02 22:59:28.064252,69066850.79186365,51.37205930277943,-4792.98516204167,27.715778981199513,91.39850142588358,-60.14872004866623,-4.999999999999851,8853.608426492983
2025-04-02 22:59:28.124476,69066850.79186365,51.25043495832691,-4786.569627309516,27.530116768244614,91.95916783080774,-58.86263768094579,-4.99999999999983,8852.922113261655
2025-04-02 22:59:28.135094,69066850.79186365,51.29090578121352,-4789.681198546585,27.60234868980103,91.74652424370083,-59.376962652976886,-4.999999999999528,8852.554257762806
2025-04-02 22:59:28.177567,69066850.79186365,51.46962581213762,-4793.02797386451,27.809906170780515,91.08504170197264,-60.729331687411495,-4.999999999999956,8857.344033340858
2025-04-02 22:59:28.392786,69066850.79186365,51.52133202020784,-4790.451233046118,27.881111796323367,90.867062925603,-61.2107737256094,-0.4870769281294803,8858.0
2025-04-02 22:59:28.461918,69066850.79186365,51.19452140005993,-4789.811102925631,27.512538102491995,92.05010665013138,-58.82780494567089,-4.999999999999974,8848.566043525583
2025-04-02 22:59:28.503348,69066850.79186365,51.19616322717278,-4784.440419105256,27.455783947304038,92.189160783512,-58.357341635424376,-4.999999999999814,8852.049648199796
2025-04-02 22:59:28.513041,69066850.79186365,51.17854196124451,-4786.238199555765,27.458701585833953,92.19695253321133,-58.4160756423314,-4.9999999999999005,8850.181815896625
2025-04-02 22:59:28.568029,69066850.79186365,51.20796202046056,-4786.63214858143,27.490686527979005,92.09275901862493,-58.621590349911266,-4.999999999999465,8851.14493313191
2025-04-02 22:59:28.578811,69066850.79186365,51.18236827970277,-4788.33677277781,27.48507367750229,92.12840181562953,-58.625706702179734,-4.999999999999944,8849.007239130624
2025-04-02 22:59:28.589813,69066850.79186365,51.17447271862899,-4786.181632657296,27.454260371647052,92.21141429585225,-58.38750056231167,-4.999999999999846,8850.049138648235
2025-04-02 22:59:28.607336,69066850.79186365,51.232135688077165,-4786.060273563333,27.507285941192677,92.03114619870036,-58.710716709770566,-4.999999999999921,8852.500656562994
2025-04-02 22:59:28.617336,69066850.79186365,51.2027807458512,-4785.016388664318,27.46826421117572,92.152639079136,-58.447137955593895,-4.999999999999882,8851.958196006006
2025-04-02 22:59:28.642739,69066850.79186365,51.16462071650173,-4782.926486114008,27.409725638177463,92.33012509344344,-58.03977892735646,-4.9999999999999165,8851.69285465365
2025-04-02 22:59:28.740980,69066850.79186365,51.29090578121352,-4789.681198546585,27.60234868980103,91.74652424370083,-59.376962652976886,-4.999999999999528,8852.554257762806
2025-04-02 22:59:28.769554,69066850.79186365,51.17113172519643,-4783.1124732538165,27.4178532991729,92.30442992124682,-58.093974551944754,-4.9999999999998375,8851.84774304066
2025-04-02 22:59:28.798797,69066850.79186365,51.29622423832323,-4790.806019032584,27.619665084579143,91.69931232633898,-59.508704702494,-4.999999999999903,8852.03805861089
2025-04-02 22:59:28.810399,69066850.79186365,51.16239494128067,-4784.383159305652,27.423415573195943,92.29810966706802,-58.15707715194553,-4.9999999999997815,8850.683181927758
2025-04-02 22:59:28.839802,69066850.79186365,51.45369313864401,-4790.597231115746,27.77368360071155,91.18732173406237,-60.46404976852176,-4.472975343886414,8858.0
2025-04-02 22:59:28.905179,69066850.79186365,51.172971778344404,-4788.81837211282,27.481452825019456,92.14534487997314,-58.614380529003796,-4.999999999999975,8848.313705857787
2025-04-02 22:59:29.036298,69066850.79186365,51.45369313864401,-4790.597231115746,27.77368360071155,91.18732173406237,-60.46404976852176,-4.472975343886414,8858.0
2025-04-02 22:59:29.122934,69066850.79186365,51.23690238803702,-4784.69003762573,27.496899848039728,92.05275225145938,-58.61585658168887,-4.999999999999966,8853.569223694501
2025-04-02 22:59:29.148151,69066850.79186365,51.46472642048885,-4789.148129978527,27.791289273421484,91.13482228150838,-60.58664284245984,-2.386507904621876,8858.0
2025-04-02 22:59:29.212998,69066850.79186365,51.17113172519643,-4783.1124732538165,27.4178532991729,92.30442992124682,-58.093974551944754,-4.9999999999998375,8851.84774304066
2025-04-02 22:59:29.240374,69066850.79186365,51.167156080334536,-4785.75844071374,27.442792962865795,92.24604704189198,-58.3074241891217,-4.999999999999928,8850.01336539669
2025-04-02 22:59:29.292289,69066850.79186365,51.17776848442185,-4782.6937609167235,27.41955056692654,92.29455590590823,-58.09488196633677,-4.99999999999996,8852.388086622053
2025-04-02 22:59:29.332378,69066850.79186365,51.26625215446209,-4786.946431531282,27.549184958783798,91.89863345873371,-58.98842897058562,-4.999999999999973,8853.323170567857
2025-04-02 22:59:29.357576,69066850.79186365,51.26615853378794,-4786.6408405328075,27.54577115384919,91.90714017303095,-58.96054225279491,-4.999999999999897,8853.515473288884
2025-04-02 22:59:29.733381,69066850.79186365,51.57498552584796,-4794.3291178243735,27.965491064360652,90.61566195262391,-61.7950674213536,-1.4315933821803455,8858.0
2025-04-02 22:59:29.843143,69066850.79186365,51.18770166209168,-4783.8532157395675,27.441454257839585,92.23184499278848,-58.255908245175036,-4.999999999999902,8852.070248618453
2025-04-02 22:59:29.872219,69066850.79186365,50.786991197446156,-4768.977576682617,26.911163867793995,93.89917738030806,-54.657064936923305,-4.999999999999981,8843.519728067251
2025-04-02 22:59:29.882520,69066850.79186365,51.17447271862899,-4786.181632657296,27.454260371647052,92.21141429585225,-58.38750056231167,-4.999999999999846,8850.049138648235
2025-04-02 22:59:29.893281,69066850.79186365,51.29090578121352,-4789.681198546585,27.60234868980103,91.74652424370083,-59.376962652976886,-4.999999999999528,8852.554257762806
2025-04-02 22:59:30.096390,69066850.79186365,51.17113172519643,-4783.1124732538165,27.4178532991729,92.30442992124682,-58.093974551944754,-4.9999999999998375,8851.84774304066
2025-04-02 22:59:30.866630,69066850.79186365,51.17854196124451,-4786.238199555765,27.458701585833953,92.19695253321133,-58.4160756423314,-4.9999999999999005,8850.181815896625
2025-04-02 22:59:30.944817,69066850.79186365,50.78951814529112,-4768.977576682617,26.91346026463902,93.89121236448977,-54.67112458042807,-4.999999999999879,8843.636293384043
2025-04-02 22:59:31.230269,69066850.79186365,51.167156080334536,-4785.75844071374,27.442792962865795,92.24604704189198,-58.3074241891217,-4.999999999999928,8850.01336539669
2025-04-02 22:59:31.362968,69066850.79186365,51.17854196124451,-4786.238199555765,27.458701585833953,92.19695253321133,-58.4160756423314,-4.9999999999999005,8850.181815896625
2025-04-02 22:59:31.868324,69066850.79186365,51.17776848442185,-4782.6937609167235,27.41955056692654,92.29455590590823,-58.09488196633677,-4.99999999999996,8852.388086622053
2025-04-02 22:59:31.908725,69066850.79186365,51.26897601609209,-4788.89100928706,27.572932769198257,91.83769974877956,-59.17827758482043,-4.999999999999506,8852.182708214379
2025-04-02 22:59:31.967947,69066850.79186365,51.27965947423833,-4789.110434124653,27.58545400768545,91.79773713170405,-59.26022384486805,-4.9999999999994085,8852.471601421563
2025-04-02 22:59:32.154661,69066850.79186365,50.78677914610421,-4761.961354570022,26.836325449902866,94.08739245539788,-54.032294634464414,-4.999999999999901,8847.566508391672
2025-04-02 22:59:32.399084,69066850.79186365,51.17854196124451,-4786.238199555765,27.458701585833953,92.19695253321133,-58.4160756423314,-4.9999999999999005,8850.181815896625
2025-04-02 22:59:32.599760,69066850.79186365,50.78677914610421,-4761.961354570022,26.836325449902866,94.08739245539788,-54.032294634464414,-4.999999999999901,8847.566508391672
2025-04-02 22:59:32.756969,69066850.79186365,50.78677914610421,-4761.961354570022,26.836325449902866,94.08739245539788,-54.032294634464414,-4.999999999999901,8847.566508391672
2025-04-02 22:59:32.851225,69066850.79186365,51.194757060549335,-4787.722802245656,27.49008054732833,92.10548508104576,-58.64256128789503,-4.999999999999784,8849.907812094774
2025-04-02 22:59:32.962389,69066850.79186365,50.659318054040526,-4753.025476798772,26.626892308768607,94.72720096088516,-52.535703593453945,-4.999999999999836,8846.549775016032
2025-04-02 22:59:32.975044,69066850.79186365,50.78951814529112,-4768.977576682617,26.91346026463902,93.89121236448977,-54.67112458042807,-4.999999999999879,8843.636293384043
2025-04-02 22:59:33.094631,69066850.79186365,50.650180934744604,-4753.601936550398,26.624802286022188,94.7405618631793,-52.53682232585739,-4.999999999999776,8845.787816572265
2025-04-02 22:59:33.227682,69066850.79186365,51.17113172519643,-4783.1124732538165,27.4178532991729,92.30442992124682,-58.093974551944754,-4.9999999999998375,8851.84774304066
2025-04-02 22:59:33.272910,69066850.79186365,51.16239494128067,-4784.383159305652,27.423415573195943,92.29810966706802,-58.15707715194553,-4.9999999999997815,8850.683181927758
2025-04-02 22:59:33.360917,69066850.79186365,51.18543246431444,-4785.066728876783,27.45247870353743,92.20649040814355,-58.351237805817554,-4.999999999999357,8851.208932253146
2025-04-02 22:59:33.440219,69066850.79186365,50.78677914610421,-4761.961354570022,26.836325449902866,94.08739245539788,-54.032294634464414,-4.999999999999901,8847.566508391672
2025-04-02 22:59:33.552007,69066850.79186365,50.78677914610421,-4761.961354570022,26.836325449902866,94.08739245539788,-54.032294634464414,-4.999999999999901,8847.566508391672
2025-04-02 22:59:33.563779,69066850.79186365,51.194988006408416,-4784.463870881417,27.45493212433824,92.19227103245649,-58.35263660696709,-4.999999999999978,8851.986163739344
2025-04-02 22:59:33.701076,69066850.79186365,50.650180934744604,-4753.601936550398,26.624802286022188,94.7405618631793,-52.53682232585739,-4.999999999999776,8845.787816572265
2025-04-02 22:59:33.728909,69066850.79186365,50.68421918474745,-4748.820122713781,26.60479099364075,94.76092402927674,-52.29888619050087,-4.999999999999912,8850.08295396971
2025-04-02 22:59:33.827285,69066850.79186365,50.66304893003484,-4747.408487880247,26.57097449280839,94.86513817825593,-52.057620791256205,-4.999999999999905,8849.82981402416
2025-04-02 22:59:33.990761,69066850.79186365,51.17144348915111,-4782.562255711008,27.412185599892894,92.31820078342119,-58.04660875630577,-4.999999999999845,8852.206881901513
2025-04-02 22:59:34.074500,69066850.79186365,50.66145619001892,-4750.341064577818,26.60047620506493,94.79203187609221,-52.309188313981245,-4.999999999999987,8848.13849934865
2025-04-02 22:59:34.169258,69066850.79186365,50.6548899596722,-4749.768111421655,26.588564240977938,94.82795305671847,-52.22240927927744,-4.9999999999999485,8848.135064747014
2025-04-02 22:59:34.320976,69066850.79186365,50.68421918474745,-4748.820122713781,26.60479099364075,94.76092402927674,-52.29888619050087,-4.999999999999912,8850.08295396971
2025-04-02 22:59:34.382010,69066850.79186365,50.139018366754094,-4713.39816948399,25.76065635859397,97.4112692803062,-46.26388156039688,-4.99999999999986,8839.991137155996
2025-04-02 22:59:34.500589,69066850.79186365,50.13511503146722,-4706.679107903818,25.688435617027004,97.60185634867331,-45.652062100263045,-4.999999999999939,8842.94242310341
2025-04-02 22:59:34.528967,69066850.79186365,50.14429486915708,-4708.384343376685,25.71369638424623,97.52792720485462,-45.849581349522296,-4.99999999999984,8842.651320910618
2025-04-02 22:59:34.541672,69066850.79186365,50.66145619001892,-4750.341064577818,26.60047620506493,94.79203187609221,-52.309188313981245,-4.999999999999987,8848.13849934865
2025-04-02 22:59:35.014375,69066850.79186365,51.17144348915111,-4782.562255711008,27.412185599892894,92.31820078342119,-58.04660875630577,-4.999999999999845,8852.206881901513
2025-04-02 22:59:35.116758,69066850.79186365,50.66145619001892,-4750.341064577818,26.60047620506493,94.79203187609221,-52.309188313981245,-4.999999999999987,8848.13849934865
2025-04-02 22:59:35.973076,69066850.79186365,51.164790951084086,-4784.383159305652,27.425665650551082,92.29049134799749,-58.170904984843936,-4.999999999999482,8850.783045560034
2025-04-02 22:59:36.011323,69066850.79186365,51.29090578121352,-4789.681198546585,27.60234868980103,91.74652424370083,-59.376962652976886,-4.999999999999528,8852.554257762806
2025-04-02 22:59:36.581337,69066850.79186365,51.17144348915111,-4782.562255711008,27.412185599892894,92.31820078342119,-58.04660875630577,-4.999999999999845,8852.206881901513
2025-04-02 22:59:36.684569,69066850.79186365,50.14429486915708,-4708.384343376685,25.71369638424623,97.52792720485462,-45.849581349522296,-4.99999999999984,8842.651320910618
2025-04-02 22:59:36.779291,69066850.79186365,50.13511503146722,-4706.679107903818,25.688435617027004,97.60185634867331,-45.652062100263045,-4.999999999999939,8842.94242310341
2025-04-02 22:59:37.046113,69066850.79186365,51.194757060549335,-4787.722802245656,27.49008054732833,92.10548508104576,-58.64256128789503,-4.999999999999784,8849.907812094774
2025-04-02 22:59:37.100090,69066850.79186365,51.17854196124451,-4786.238199555765,27.458701585833953,92.19695253321133,-58.4160756423314,-4.9999999999999005,8850.181815896625
2025-04-02 22:59:37.357404,69066850.79186365,50.139018366754094,-4713.39816948399,25.76065635859397,97.4112692803062,-46.26388156039688,-4.99999999999986,8839.991137155996
2025-04-02 22:59:37.476416,69066850.79186365,50.160827785824374,-4711.782146402332,25.762604262805628,97.38608562381611,-46.23430016972613,-4.999999999999765,8841.957667101486
2025-04-02 22:59:37.708148,69066850.79186365,50.13786155026344,-4710.722760963606,25.73221939637028,97.48594041524267,-46.022318629827815,-4.999999999999985,8841.194240081402
2025-04-02 22:59:38.233556,69066850.79186365,50.13511503146722,-4706.679107903818,25.688435617027004,97.60185634867331,-45.652062100263045,-4.999999999999939,8842.94242310341
2025-04-02 22:59:38.269634,69066850.79186365,50.650180934744604,-4753.601936550398,26.624802286022188,94.7405618631793,-52.53682232585739,-4.999999999999776,8845.787816572265
2025-04-02 22:59:38.624605,69066850.79186365,50.134480294330984,-4706.56119990618,25.68668983125624,97.6069678514091,-45.63840775363382,-4.999999999999958,8842.96234149352
2025-04-02 22:59:38.749619,69066850.79186365,51.164790951084086,-4784.383159305652,27.425665650551082,92.29049134799749,-58.170904984843936,-4.999999999999482,8850.783045560034
2025-04-02 22:59:38.871612,69066850.79186365,50.134480294330984,-4706.56119990618,25.68668983125624,97.6069678514091,-45.63840775363382,-4.999999999999958,8842.96234149352
2025-04-02 22:59:38.912623,69066850.79186365,50.195631709978514,-4705.582554356558,25.728562052513194,97.44178861680847,-45.86812944682927,-4.999999999999964,8846.804826138243
2025-04-02 22:59:39.649415,69066850.79186365,50.14450939022452,-4708.424192548995,25.714286975230948,97.52619947504168,-45.85419811198648,-4.999999999999854,8842.64445030284
2025-04-02 22:59:39.659905,69066850.79186365,50.155492326412194,-4708.157658147732,25.720874534328036,97.49896170357589,-45.88742589781569,-4.999999999999834,8843.376930224744
2025-04-02 22:59:39.735327,69066850.79186365,51.26615853378794,-4786.6408405328075,27.54577115384919,91.90714017303095,-58.96054225279491,-4.999999999999897,8853.515473288884
2025-04-02 22:59:39.780061,69066850.79186365,50.78951814529112,-4768.977576682617,26.91346026463902,93.89121236448977,-54.67112458042807,-4.999999999999879,8843.636293384043
2025-04-02 22:59:39.820902,69066850.79186365,50.134480294330984,-4706.56119990618,25.68668983125624,97.6069678514091,-45.63840775363382,-4.999999999999958,8842.96234149352
2025-04-02 22:59:40.085825,69066850.79186365,50.18385317864403,-4708.157658147732,25.74497521169228,97.41032794063588,-46.03411385659751,-4.9999999999998685,8844.94117081579
2025-04-02 22:59:40.098679,69066850.79186365,50.68420156634415,-4748.185065084497,26.598074144637934,94.77789199142724,-52.242402620616666,-4.999999999999801,8850.432368664116
2025-04-02 22:59:40.316758,69066850.79186365,51.46962581213762,-4793.02797386451,27.809906170780515,91.08504170197264,-60.729331687411495,-4.999999999999956,8857.344033340858
2025-04-02 22:59:40.381509,69066850.79186365,50.66145619001892,-4750.341064577818,26.60047620506493,94.79203187609221,-52.309188313981245,-4.999999999999987,8848.13849934865
2025-04-02 22:59:40.451354,69066850.79186365,50.67193735966662,-4747.000238658483,26.574611325395974,94.84803931041243,-52.07002242652894,-4.999999999999999,8850.487377205092
2025-04-02 22:59:40.578401,69066850.79186365,50.155492326412194,-4708.157658147732,25.720874534328036,97.49896170357589,-45.88742589781569,-4.999999999999834,8843.376930224744
2025-04-02 22:59:40.697727,69066850.79186365,50.134480294330984,-4706.56119990618,25.68668983125624,97.6069678514091,-45.63840775363382,-4.999999999999958,8842.96234149352
2025-04-02 22:59:40.752104,69066850.79186365,50.134480294330984,-4706.56119990618,25.68668983125624,97.6069678514091,-45.63840775363382,-4.999999999999958,8842.96234149352
2025-04-02 22:59:40.792820,69066850.79186365,50.13994539956733,-4707.576391201149,25.701724751290847,97.56295637544541,-45.755985058648655,-4.999999999999845,8842.789954930768
2025-04-02 22:59:40.802981,69066850.79186365,50.659318054040526,-4753.025476798772,26.626892308768607,94.72720096088516,-52.535703593453945,-4.999999999999836,8846.549775016032
2025-04-02 22:59:41.080918,69066850.79186365,50.13786155026344,-4710.722760963606,25.73221939637028,97.48594041524267,-46.022318629827815,-4.999999999999985,8841.194240081402
2025-04-02 22:59:41.411028,69066850.79186365,50.134480294330984,-4706.56119990618,25.68668983125624,97.6069678514091,-45.63840775363382,-4.999999999999958,8842.96234149352
2025-04-02 22:59:41.480649,69066850.79186365,50.155492326412194,-4708.157658147732,25.720874534328036,97.49896170357589,-45.88742589781569,-4.999999999999834,8843.376930224744
2025-04-02 22:59:41.586846,69066850.79186365,50.144267389831406,-4709.814914010286,25.728344234012905,97.49003965854483,-45.97543460895068,-4.999999999999879,8841.976211539777
2025-04-02 22:59:41.794132,69066850.79186365,50.13511503146722,-4706.679107903818,25.688435617027004,97.60185634867331,-45.652062100263045,-4.999999999999939,8842.94242310341
2025-04-02 22:59:41.859612,69066850.79186365,50.138479856542666,-4705.107417376446,25.675185472888522,97.63304381600162,-45.530984325615826,-4.999999999999998,8843.863308322425
2025-04-02 22:59:41.978785,69066850.79186365,50.68420156634415,-4748.185065084497,26.598074144637934,94.77789199142724,-52.242402620616666,-4.999999999999801,8850.432368664116
2025-04-02 22:59:42.093858,69066850.79186365,50.144267389831406,-4704.941714270938,25.67839071592697,97.61935545005286,-45.54621732288494,-4.99999999999999,8844.262130629731
2025-04-02 22:59:42.549135,69066850.79186365,50.144267389831406,-4704.941714270938,25.67839071592697,97.61935545005286,-45.54621732288494,-4.99999999999999,8844.262130629731
2025-04-02 22:59:42.624562,69066850.79186365,50.17865893036024,-4703.808736345012,25.69594610932443,97.54189125022455,-45.62393090149199,-5.0,8846.698990126846
2025-04-02 22:59:42.649369,69066850.79186365,50.166395385701584,-4707.132932174087,25.719621863334524,97.49207897724293,-45.85348343746177,-4.999999999999958,8844.46142293845
2025-04-02 22:59:42.888828,69066850.79186365,50.155492326412194,-4708.157658147732,25.720874534328036,97.49896170357589,-45.88742589781569,-4.999999999999834,8843.376930224744
2025-04-02 22:59:43.175025,69066850.79186365,50.66145619001892,-4750.341064577818,26.60047620506493,94.79203187609221,-52.309188313981245,-4.999999999999987,8848.13849934865
2025-04-02 22:59:43.290194,69066850.79186365,50.16759871133582,-4703.518209970368,25.68358353808349,97.58417664669079,-45.54118080714346,-4.999999999999951,8846.221572495431
2025-04-02 22:59:43.300744,69066850.79186365,51.167156080334536,-4785.75844071374,27.442792962865795,92.24604704189198,-58.3074241891217,-4.999999999999928,8850.01336539669
2025-04-02 22:59:43.310525,69066850.79186365,50.14038842456533,-4704.215936180603,25.667671647286348,97.65072678377646,-45.46230022939608,-4.999999999999831,8844.384800637363
2025-04-02 22:59:43.321527,69066850.79186365,51.17065996019734,-4784.552912433213,27.433018584352155,92.26727166477617,-58.219955211204415,-4.999999999999437,8850.92034855026
2025-04-02 22:59:43.346758,69066850.79186365,50.155492326412194,-4708.157658147732,25.720874534328036,97.49896170357589,-45.88742589781569,-4.999999999999834,8843.376930224744
2025-04-02 22:59:43.470959,69066850.79186365,50.134480294330984,-4706.56119990618,25.68668983125624,97.6069678514091,-45.63840775363382,-4.999999999999958,8842.96234149352
2025-04-02 22:59:43.481937,69066850.79186365,50.146572766943414,-4703.634699658217,25.66695656504962,97.64681466314754,-45.442971278989106,-4.999999999999819,8844.999297216365
2025-04-02 22:59:43.558656,69066850.79186365,50.166395385701584,-4707.132932174087,25.719621863334524,97.49207897724293,-45.85348343746177,-4.999999999999958,8844.46142293845
2025-04-02 22:59:43.568666,69066850.79186365,50.144235307163704,-4706.679107903818,25.696165354903332,97.57336480038707,-45.69908243431046,-4.999999999999811,8843.44818302094
2025-04-02 22:59:43.580048,69066850.79186365,50.659318054040526,-4753.025476798772,26.626892308768607,94.72720096088516,-52.535703593453945,-4.999999999999836,8846.549775016032
2025-04-02 22:59:43.590804,69066850.79186365,50.14429486915708,-4708.384343376685,25.71369638424623,97.52792720485462,-45.849581349522296,-4.99999999999984,8842.651320910618
2025-04-02 22:59:43.633924,69066850.79186365,51.164790951084086,-4784.383159305652,27.425665650551082,92.29049134799749,-58.170904984843936,-4.999999999999482,8850.783045560034
2025-04-02 22:59:43.796887,69066850.79186365,50.155492326412194,-4705.681266445827,25.695483927124705,97.5646611642504,-45.66926635612358,-4.99999999999974,8844.539271695123
2025-04-02 22:59:43.807914,69066850.79186365,50.68420156634415,-4748.185065084497,26.598074144637934,94.77789199142724,-52.242402620616666,-4.999999999999801,8850.432368664116
2025-04-02 22:59:43.850536,69066850.79186365,50.19119062931886,-4700.911021780774,25.676881098269764,97.57948044859077,-45.43328509848365,-4.999999999999843,8848.74612898833
2025-04-02 22:59:43.932261,69066850.79186365,50.14038842456533,-4704.215936180603,25.667671647286348,97.65072678377646,-45.46230022939608,-4.999999999999831,8844.384800637363
2025-04-02 22:59:43.943497,69066850.79186365,50.15951334953478,-4704.916136821245,25.691052303044156,97.57238650618284,-45.62261270933863,-4.999999999999789,8845.12011255837
2025-04-02 22:59:44.091897,69066850.79186365,51.18986336953166,-4791.298245436972,27.524302021804896,92.02493488258055,-58.93368656612439,-4.999999999999808,8847.424132295508
2025-04-02 22:59:44.119582,69066850.79186365,50.13511503146722,-4706.679107903818,25.688435617027004,97.60185634867331,-45.652062100263045,-4.999999999999939,8842.94242310341
2025-04-02 22:59:44.248469,69066850.79186365,51.16002726786694,-4783.712770630806,27.4139304877271,92.32363073902964,-58.08352684307073,-4.999999999999514,8851.006469204014
2025-04-02 22:59:44.434156,69066850.79186365,51.29090578121352,-4789.681198546585,27.60234868980103,91.74652424370083,-59.376962652976886,-4.999999999999528,8852.554257762806
2025-04-02 22:59:44.573273,69066850.79186365,51.23487001132179,-4791.483210784731,27.56884566590957,91.87668463126924,-59.21149437360891,-4.999999999999856,8849.134677825517
2025-04-02 22:59:44.583387,69066850.79186365,50.165576794873004,-4710.309998536984,25.75152787553498,97.41033189627049,-46.129175728122334,-4.999999999999721,8842.916891959112
2025-04-02 22:59:44.595878,69066850.79186365,51.181073249290954,-4785.648304029372,27.45468500303705,92.20474242109574,-58.37800132844531,-4.999999999999939,8850.66023928042
2025-04-02 22:59:44.659885,69066850.79186365,50.14211663339561,-4704.854413023801,25.675674428259605,97.62839169837194,-45.52744176664361,-4.99999999999985,8844.183373787959
2025-04-02 22:59:44.671949,69066850.79186365,50.14304043933274,-4705.284629660755,25.680864053174524,97.61409325012346,-45.570096737357936,-4.999999999999901,8844.033952455722
2025-04-02 22:59:44.681944,69066850.79186365,51.17065996019734,-4784.552912433213,27.433018584352155,92.26727166477617,-58.219955211204415,-4.999999999999437,8850.92034855026
2025-04-02 22:59:44.716230,69066850.79186365,50.18413442390532,-4699.771007061418,25.65921566811192,97.63175567466223,-45.29631066973512,-4.99999999999963,8848.883887271386
2025-04-02 22:59:44.742354,69066850.79186365,50.191491229669694,-4697.933686492288,25.64663633926043,97.65739062761743,-45.1723318556103,-4.999999999999498,8850.144569093727
2025-04-02 22:59:44.804364,69066850.79186365,50.20556592118159,-4697.344272200628,25.652535696663094,97.62893670172127,-45.19311323564668,-4.999999999999857,8851.20097307046
2025-04-02 22:59:44.911152,69066850.79186365,50.166395385701584,-4699.035614918276,25.636657023146736,97.70672984075779,-45.13993794922058,-4.999999999999861,8848.23606573944
2025-04-02 22:59:44.922165,69066850.79186365,49.83918236759375,-4665.052978914598,25.02011095143499,99.62928766899938,-40.49984922397228,-4.999999999999512,8844.022549276078
2025-04-02 22:59:45.018424,69066850.79186365,50.18105549251942,-4706.679107903818,25.727421502720794,97.45829114763413,-45.88931499730305,-4.999999999999875,8845.484423539638
2025-04-02 22:59:45.160460,69066850.79186365,50.155492326412194,-4705.681266445827,25.695483927124705,97.5646611642504,-45.66926635612358,-4.99999999999974,8844.539271695123
2025-04-02 22:59:45.216849,69066850.79186365,49.80787119372349,-4665.337725662281,24.997416261642773,99.71953294496586,-40.37012001259934,-4.999999999999946,8842.024633828836
2025-04-02 22:59:45.242303,69066850.79186365,51.37205930277943,-4792.98516204167,27.715778981199513,91.39850142588358,-60.14872004866623,-4.999999999999851,8853.608426492983
2025-04-02 22:59:45.297934,69066850.79186365,49.79907614988151,-4668.828965101716,25.025265767220134,99.65445168534917,-40.63257997678452,-4.99999999999964,8840.077445024854
2025-04-02 22:59:45.307342,69066850.79186365,50.134480294330984,-4706.56119990618,25.68668983125624,97.6069678514091,-45.63840775363382,-4.999999999999958,8842.96234149352
2025-04-02 22:59:45.424085,69066850.79186365,49.812880186904984,-4662.998053626295,24.97804145970364,99.76587260052139,-40.189822045627665,-4.999999999999943,8843.271325906255
2025-04-02 22:59:45.434087,69066850.79186365,50.13511503146722,-4706.679107903818,25.688435617027004,97.60185634867331,-45.652062100263045,-4.999999999999939,8842.94242310341
2025-04-02 22:59:45.649150,69066850.79186365,51.26615853378794,-4786.6408405328075,27.54577115384919,91.90714017303095,-58.96054225279491,-4.999999999999897,8853.515473288884
2025-04-02 22:59:45.758452,69066850.79186365,50.134480294330984,-4706.56119990618,25.68668983125624,97.6069678514091,-45.63840775363382,-4.999999999999958,8842.96234149352
2025-04-02 22:59:45.776631,69066850.79186365,50.191491229669694,-4697.933686492288,25.64663633926043,97.65739062761743,-45.1723318556103,-4.999999999999498,8850.144569093727
2025-04-02 22:59:45.818111,69066850.79186365,50.14429486915708,-4708.384343376685,25.71369638424623,97.52792720485462,-45.849581349522296,-4.99999999999984,8842.651320910618
2025-04-02 22:59:45.843112,69066850.79186365,49.82637235872761,-4665.504343037421,25.014180164236713,99.65734526860588,-40.4760721091893,-4.999999999999962,8843.069779922422
2025-04-02 22:59:45.854373,69066850.79186365,49.80787119372349,-4667.406511688176,25.018168012487784,99.66470977494191,-40.55137479430984,-4.99999999999992,8841.185002232793
2025-04-02 22:59:45.865417,69066850.79186365,50.13511503146722,-4706.679107903818,25.688435617027004,97.60185634867331,-45.652062100263045,-4.999999999999939,8842.94242310341
2025-04-02 22:59:45.929439,69066850.79186365,49.812880186904984,-4662.998053626295,24.97804145970364,99.76587260052139,-40.189822045627665,-4.999999999999943,8843.271325906255
2025-04-02 22:59:45.940366,69066850.79186365,49.821434396822006,-4664.587073245777,25.00094827008316,99.69706485280682,-40.37128669098797,-4.999999999999908,8843.144873427744
2025-04-02 22:59:46.175050,69066850.79186365,49.809536788071256,-4664.559736078834,24.99097277999398,99.73494508901578,-40.31017087227205,-4.999999999999931,8842.439638402877
2025-04-02 22:59:46.215680,69066850.79186365,49.8223928894716,-4660.773901318549,24.96350080309576,99.7950508706927,-40.04182498321097,-4.999999999999831,8844.73970580986
2025-04-02 22:59:46.241865,69066850.79186365,49.815480210095345,-4664.987329590098,25.000106383822164,99.70505705718831,-40.376965397143266,-4.999999999999927,8842.624500071157
2025-04-02 22:59:46.377865,69066850.79186365,49.82186035067719,-4662.126885054292,24.976626838120612,99.7608906396273,-40.157777889367004,-4.9999999999999565,8844.16381050291
2025-04-02 22:59:46.404817,69066850.79186365,49.6176730642783,-4634.156130593223,24.533803397117723,101.14006545307477,-36.717319712330394,-4.999999999999467,8842.258646887925
2025-04-02 22:59:46.585240,69066850.79186365,50.134480294330984,-4706.56119990618,25.68668983125624,97.6069678514091,-45.63840775363382,-4.999999999999958,8842.96234149352
2025-04-02 22:59:46.722823,69066850.79186365,50.14429486915708,-4708.384343376685,25.71369638424623,97.52792720485462,-45.849581349522296,-4.99999999999984,8842.651320910618
2025-04-02 22:59:46.789144,69066850.79186365,49.860832143416225,-4657.446052248457,24.96148242943824,99.7629258422673,-39.93989368438449,-4.999999999999852,8848.394910724744
2025-04-02 22:59:46.996682,69066850.79186365,49.83918236759375,-4665.052978914598,25.02011095143499,99.62928766899938,-40.49984922397228,-4.999999999999512,8844.022549276078
2025-04-02 22:59:47.078873,69066850.79186365,49.602786466899964,-4636.573168231414,24.54586830412328,101.12255297044098,-36.857047517135996,-4.999999999999989,8840.439823746568
2025-04-02 22:59:47.176709,69066850.79186365,49.815480210095345,-4664.987329590098,25.000106383822164,99.70505705718831,-40.376965397143266,-4.999999999999927,8842.624500071157
2025-04-02 22:59:47.229678,69066850.79186365,49.80787119372349,-4665.337725662281,24.997416261642773,99.71953294496586,-40.37012001259934,-4.999999999999946,8842.024633828836
2025-04-02 22:59:47.488511,69066850.79186365,51.37205930277943,-4792.98516204167,27.715778981199513,91.39850142588358,-60.14872004866623,-4.999999999999851,8853.608426492983
2025-04-02 22:59:47.531129,69066850.79186365,50.14038842456533,-4704.215936180603,25.667671647286348,97.65072678377646,-45.46230022939608,-4.999999999999831,8844.384800637363
2025-04-02 22:59:47.558775,69066850.79186365,49.809536788071256,-4664.559736078834,24.99097277999398,99.73494508901578,-40.31017087227205,-4.999999999999931,8842.439638402877
2025-04-02 22:59:47.709520,69066850.79186365,49.85513638981387,-4662.618716585112,25.00871316235588,99.64388023879394,-40.365369793474635,-4.999999999999741,8845.968661293628
2025-04-02 22:59:47.719044,69066850.79186365,49.842356613241435,-4664.282370284374,25.01496948595462,99.63977668076767,-40.44799497546639,-4.999999999999595,8844.52620577126
2025-04-02 22:59:47.728968,69066850.79186365,50.21989696074793,-4698.441490253862,25.67594496179091,97.55502355999053,-45.36408009009514,-4.999999999999832,8851.488253087726
2025-04-02 22:59:47.807350,69066850.79186365,49.62602295813119,-4630.841595809992,24.507677919682166,101.20175264815907,-36.46782307174253,-4.999999999999886,8843.985393487443
2025-04-02 22:59:47.884091,69066850.79186365,49.63989378608497,-4633.4182239230295,24.54418325001571,101.09008737697675,-36.759486036503034,-4.999999999999819,8843.929119658913
2025-04-02 22:59:47.912117,69066850.79186365,51.26615853378794,-4786.6408405328075,27.54577115384919,91.90714017303095,-58.96054225279491,-4.999999999999897,8853.515473288884
2025-04-02 22:59:48.027806,69066850.79186365,51.52699682264237,-4796.278224099427,27.901061919259742,90.81347551455227,-61.36255059825373,-4.999999999999721,8857.325089244041
2025-04-02 22:59:48.070415,69066850.79186365,50.166395385701584,-4699.035614918276,25.636657023146736,97.70672984075779,-45.13993794922058,-4.999999999999861,8848.23606573944
2025-04-02 22:59:48.205762,69066850.79186365,50.6548899596722,-4749.768111421655,26.588564240977938,94.82795305671847,-52.22240927927744,-4.9999999999999485,8848.135064747014
2025-04-02 22:59:48.261667,69066850.79186365,49.6176730642783,-4634.156130593223,24.533803397117723,101.14006545307477,-36.717319712330394,-4.999999999999467,8842.258646887925
2025-04-02 22:59:48.320290,69066850.79186365,49.21642084605104,-4557.325044908836,23.476165627885347,104.44104769288286,-28.169232022931823,-4.999999999999964,8839.91083416967
2025-04-02 22:59:48.417612,69066850.79186365,50.134480294330984,-4706.56119990618,25.68668983125624,97.6069678514091,-45.63840775363382,-4.999999999999958,8842.96234149352
2025-04-02 22:59:48.945059,69066850.79186365,50.134480294330984,-4706.56119990618,25.68668983125624,97.6069678514091,-45.63840775363382,-4.999999999999958,8842.96234149352
2025-04-02 22:59:48.973800,69066850.79186365,49.213239607361075,-4554.076420900882,23.442687528441095,104.53767480366264,-27.873300858464127,-4.999999999999959,8840.561267245099
2025-04-02 22:59:49.098368,69066850.79186365,49.21801369937546,-4553.627727010675,23.44197603519518,104.53454197452157,-27.85577533032159,-4.99999999999994,8841.012600900594
2025-04-02 22:59:49.109383,69066850.79186365,50.14429486915708,-4708.384343376685,25.71369638424623,97.52792720485462,-45.849581349522296,-4.99999999999984,8842.651320910618
2025-04-02 22:59:49.304321,69066850.79186365,50.6548899596722,-4749.768111421655,26.588564240977938,94.82795305671847,-52.22240927927744,-4.9999999999999485,8848.135064747014
2025-04-02 22:59:49.434609,69066850.79186365,49.62602295813119,-4630.841595809992,24.507677919682166,101.20175264815907,-36.46782307174253,-4.999999999999886,8843.985393487443
2025-04-02 22:59:49.458303,69066850.79186365,49.23521681338787,-4552.675624545571,23.445775851758917,104.50551681301204,-27.850308515785315,-4.999999999999886,8842.461490683849
2025-04-02 22:59:49.574520,69066850.79186365,50.14038842456533,-4704.215936180603,25.667671647286348,97.65072678377646,-45.46230022939608,-4.999999999999831,8844.384800637363
2025-04-02 22:59:49.721998,69066850.79186365,49.82637235872761,-4665.504343037421,25.014180164236713,99.65734526860588,-40.4760721091893,-4.999999999999962,8843.069779922422
2025-04-02 22:59:49.761080,69066850.79186365,49.842356613241435,-4664.282370284374,25.01496948595462,99.63977668076767,-40.44799497546639,-4.999999999999595,8844.52620577126
2025-04-02 22:59:49.868451,69066850.79186365,49.223725013331595,-4560.416832810865,23.511274432887305,104.33559828564465,-28.470121698077765,-4.999999999999934,8839.57758098845
2025-04-02 22:59:49.962880,69066850.79186365,49.7253769075577,-4605.3486509607765,24.371506097176777,101.46611021785924,-35.03891214299694,-1.2984780220864578,8858.0
2025-04-02 22:59:50.153560,69066850.79186365,49.82637235872761,-4665.504343037421,25.014180164236713,99.65734526860588,-40.4760721091893,-4.999999999999962,8843.069779922422
2025-04-02 22:59:50.298243,69066850.79186365,49.6176730642783,-4634.156130593223,24.533803397117723,101.14006545307477,-36.717319712330394,-4.999999999999467,8842.258646887925
2025-04-02 22:59:50.644739,69066850.79186365,50.66145619001892,-4750.341064577818,26.60047620506493,94.79203187609221,-52.309188313981245,-4.999999999999987,8848.13849934865
2025-04-02 22:59:50.673477,69066850.79186365,49.80787119372349,-4665.337725662281,24.997416261642773,99.71953294496586,-40.37012001259934,-4.999999999999946,8842.024633828836
2025-04-02 22:59:50.907432,69066850.79186365,49.23521681338787,-4552.675624545571,23.445775851758917,104.50551681301204,-27.850308515785315,-4.999999999999886,8842.461490683849
2025-04-02 22:59:51.018277,69066850.79186365,49.809536788071256,-4664.559736078834,24.99097277999398,99.73494508901578,-40.31017087227205,-4.999999999999931,8842.439638402877
2025-04-02 22:59:51.330525,69066850.79186365,50.155492326412194,-4705.681266445827,25.695483927124705,97.5646611642504,-45.66926635612358,-4.99999999999974,8844.539271695123
2025-04-02 22:59:51.491043,69066850.79186365,49.21642084605104,-4557.325044908836,23.476165627885347,104.44104769288286,-28.169232022931823,-4.999999999999964,8839.91083416967
2025-04-02 22:59:51.765591,69066850.79186365,49.8223928894716,-4660.773901318549,24.96350080309576,99.7950508706927,-40.04182498321097,-4.999999999999831,8844.73970580986
2025-04-02 22:59:51.792126,69066850.79186365,49.223725013331595,-4560.416832810865,23.511274432887305,104.33559828564465,-28.470121698077765,-4.999999999999934,8839.57758098845
2025-04-02 22:59:52.175472,69066850.79186365,49.70623132307601,-4626.188595585341,24.525514273912094,101.07356796966721,-36.44662575787624,-4.999999999999917,8850.7334128787
2025-04-02 22:59:52.238438,69066850.79186365,49.821434396822006,-4664.587073245777,25.00094827008316,99.69706485280682,-40.37128669098797,-4.999999999999908,8843.144873427744
2025-04-02 22:59:52.271039,69066850.79186365,49.6176730642783,-4634.156130593223,24.533803397117723,101.14006545307477,-36.717319712330394,-4.999999999999467,8842.258646887925
2025-04-02 22:59:52.339154,69066850.79186365,49.22918305800373,-4555.702533470827,23.470217276849315,104.44395910977269,-28.085778747574707,-4.999999999999903,8841.232458422688
2025-04-02 22:59:52.363954,69066850.79186365,49.23521681338787,-4552.675624545571,23.445775851758917,104.50551681301204,-27.850308515785315,-4.999999999999886,8842.461490683849
2025-04-02 22:59:52.528444,69066850.79186365,49.809536788071256,-4664.559736078834,24.99097277999398,99.73494508901578,-40.31017087227205,-4.999999999999931,8842.439638402877
2025-04-02 22:59:52.604426,69066850.79186365,50.166395385701584,-4699.035614918276,25.636657023146736,97.70672984075779,-45.13993794922058,-4.999999999999861,8848.23606573944
2025-04-02 22:59:53.012478,69066850.79186365,49.809536788071256,-4664.559736078834,24.99097277999398,99.73494508901578,-40.31017087227205,-4.999999999999931,8842.439638402877
2025-04-02 22:59:53.093989,69066850.79186365,49.21801369937546,-4553.627727010675,23.44197603519518,104.53454197452157,-27.85577533032159,-4.99999999999994,8841.012600900594
2025-04-02 22:59:53.133177,69066850.79186365,49.22596176518894,-4555.451387425355,23.46539321504178,104.46082956970527,-28.049545160979573,-4.9999999999998765,8841.076560505735
2025-04-02 22:59:53.187794,69066850.79186365,50.21989696074793,-4698.441490253862,25.67594496179091,97.55502355999053,-45.36408009009514,-4.999999999999832,8851.488253087726
2025-04-02 22:59:53.520433,69066850.79186365,49.812880186904984,-4662.998053626295,24.97804145970364,99.76587260052139,-40.189822045627665,-4.999999999999943,8843.271325906255
2025-04-02 22:59:53.715160,69066850.79186365,50.6548899596722,-4749.768111421655,26.588564240977938,94.82795305671847,-52.22240927927744,-4.9999999999999485,8848.135064747014
2025-04-02 22:59:53.985151,69066850.79186365,49.64898703423632,-4632.3335480737005,24.54069275845906,101.09035072497117,-36.7083889092086,-4.999999999999911,8844.896870571083
2025-04-02 22:59:54.185122,69066850.79186365,49.65263694754556,-4630.628694464606,24.52673638349862,101.12406239971018,-36.57692818392034,-4.999999999999918,8845.74514473709
2025-04-02 22:59:54.251079,69066850.79186365,50.14836396505086,-4708.368714319383,25.716988677457163,97.51563092090974,-45.869207061819715,-4.999999999999955,8842.883671736688
2025-04-02 22:59:54.330151,69066850.79186365,51.26615853378794,-4786.6408405328075,27.54577115384919,91.90714017303095,-58.96054225279491,-4.999999999999897,8853.515473288884
2025-04-02 22:59:54.372258,69066850.79186365,50.134480294330984,-4706.56119990618,25.68668983125624,97.6069678514091,-45.63840775363382,-4.999999999999958,8842.96234149352
2025-04-02 22:59:54.483122,69066850.79186365,49.82717485235394,-4665.626226942137,25.016058343015427,99.65161038172954,-40.49072090097371,-4.9999999999999165,8843.068477633404
2025-04-02 22:59:54.558589,69066850.79186365,49.82717485235394,-4665.626226942137,25.016058343015427,99.65161038172954,-40.49072090097371,-4.9999999999999165,8843.068477633404
2025-04-02 22:59:54.583782,69066850.79186365,49.70623132307601,-4626.188595585341,24.525514273912094,101.07356796966721,-36.44662575787624,-4.999999999999917,8850.7334128787
2025-04-02 22:59:54.956566,69066850.79186365,49.21801369937546,-4553.627727010675,23.44197603519518,104.53454197452157,-27.85577533032159,-4.99999999999994,8841.012600900594
2025-04-02 22:59:55.114667,69066850.79186365,49.821434396822006,-4664.587073245777,25.00094827008316,99.69706485280682,-40.37128669098797,-4.999999999999908,8843.144873427744
2025-04-02 22:59:55.270706,69066850.79186365,51.26615853378794,-4786.6408405328075,27.54577115384919,91.90714017303095,-58.96054225279491,-4.999999999999897,8853.515473288884
2025-04-02 22:59:55.648987,69066850.79186365,49.6176730642783,-4634.156130593223,24.533803397117723,101.14006545307477,-36.717319712330394,-4.999999999999467,8842.258646887925
2025-04-02 22:59:55.694609,69066850.79186365,50.146572766943414,-4703.634699658217,25.66695656504962,97.64681466314754,-45.442971278989106,-4.999999999999819,8844.999297216365
2025-04-02 22:59:55.984924,69066850.79186365,49.22596176518894,-4555.451387425355,23.46539321504178,104.46082956970527,-28.049545160979573,-4.9999999999998765,8841.076560505735
2025-04-02 22:59:56.053729,69066850.79186365,49.65263694754556,-4630.628694464606,24.52673638349862,101.12406239971018,-36.57692818392034,-4.999999999999918,8845.74514473709
2025-04-02 22:59:56.332963,69066850.79186365,50.134480294330984,-4706.56119990618,25.68668983125624,97.6069678514091,-45.63840775363382,-4.999999999999958,8842.96234149352
2025-04-02 22:59:56.343753,69066850.79186365,49.23006420513546,-4553.123080758878,23.446189728627427,104.50989039558593,-27.866013000959175,-4.999999999999908,8841.984310557977
2025-04-02 22:59:56.370248,69066850.79186365,49.22257195497378,-4554.673605402943,23.45540349348743,104.4922653942867,-27.96689393569658,-4.999999999999872,8841.049861669972
2025-04-02 22:59:56.614182,69066850.79186365,50.155492326412194,-4705.681266445827,25.695483927124705,97.5646611642504,-45.66926635612358,-4.99999999999974,8844.539271695123
2025-04-02 22:59:56.713446,69066850.79186365,49.7253769075577,-4605.3486509607765,24.371506097176777,101.46611021785924,-35.03891214299694,-1.2984780220864578,8858.0
2025-04-02 22:59:56.977435,69066850.79186365,49.70623132307601,-4626.188595585341,24.525514273912094,101.07356796966721,-36.44662575787624,-4.999999999999917,8850.7334128787
2025-04-02 22:59:56.987888,69066850.79186365,50.21989696074793,-4698.441490253862,25.67594496179091,97.55502355999053,-45.36408009009514,-4.999999999999832,8851.488253087726
2025-04-02 22:59:57.287282,69066850.79186365,50.134480294330984,-4706.56119990618,25.68668983125624,97.6069678514091,-45.63840775363382,-4.999999999999958,8842.96234149352
2025-04-02 22:59:57.351376,69066850.79186365,49.21801369937546,-4556.3517710063625,23.46804388135872,104.46195217392362,-28.09198145851316,-4.999999999999901,8840.283381319416
2025-04-02 22:59:57.361169,69066850.79186365,50.14429486915708,-4708.384343376685,25.71369638424623,97.52792720485462,-45.849581349522296,-4.99999999999984,8842.651320910618
2025-04-02 22:59:57.370798,69066850.79186365,49.223045697359375,-4559.609321957392,23.50302476513132,104.35925854849754,-28.39704254448371,-4.999999999999951,8839.750653218094
2025-04-02 22:59:57.606279,69066850.79186365,49.63989378608497,-4633.4182239230295,24.54418325001571,101.09008737697675,-36.759486036503034,-4.999999999999819,8843.929119658913
